,installation,arparams_0,arparams_1,arparams_2,maparams_0,seasonalmaparams_0
0,6147,1.4430649115657705,-0.5880681708788051,0.09733774424538413,-0.3609504976357809,-0.9891903661622333
1,6149,0.6483397788105757,0.20596148954680366,-0.04100756530639822,0.19447615248639943,-0.997324205439214
2,6150,1.5371171716516037,-0.7357265388698815,0.15306038423524107,-0.5892016798000466,-0.9970833879795818
3,6151,0.4261804938001916,0.3457884931036068,0.040483988468104755,0.49505029209537577,-0.9997927814239885
4,6152,0.5295414350736907,0.376505325145133,-0.0630752414267314,0.45825240263234845,-0.9773550024982444
5,6153,0.276105056141241,0.6486105194272945,-0.11871844194969532,0.6981398057162991,-0.9962158846155799
6,6157,1.6218486259573655,-0.9177054727087193,0.2441334417231903,-0.5075794567217575,-0.9957909010468745
7,6159,1.0757459113153203,-0.24576554383733737,0.07359984617666783,-0.1296779820179157,-0.9943666795732695
8,6160,1.0589146878309617,-0.034740989092732266,-0.1269448848114816,0.03214592728224901,-0.996379253446723
9,6162,0.21403814482625502,0.6617421987733575,-0.016864161320044094,0.7876233335949222,-0.9978485498851196
10,6163,1.2471812979492973,-0.35903750844597376,0.045736408899378946,-0.37048499033858945,-0.9943424715456604
11,2071,0.13712547608859588,0.8944786144274531,-0.1925971648673799,0.9984153530567863,-0.9126210764726772
12,10279,1.0599551256359054,0.0005358727164192917,-0.1055129184978446,0.10408736770792656,-0.9819064503571158
13,2089,-0.005424265443576513,0.7471955761149868,-0.027532524034159477,0.8947844265440542,-0.9975478964857991
14,2090,0.8238778258125703,0.00911790195344431,0.03531345640980714,0.10995198813806359,-0.9959336275532867
15,2093,0.2555084982621112,0.8618047907991846,-0.2872942339847425,0.9745400684157236,-0.9952999470018526
16,2095,0.3425315609322269,0.49537370141653136,-0.023617809663671496,0.687683835380746,-0.9966541762628957
17,2098,0.5482726963898698,0.357787204519579,-0.01493321694244361,0.4723341668826028,-0.9955853189465659
18,10294,0.8824274608515127,0.1420057900179279,-0.10777020027028597,0.08321732431645368,-0.9944790720152465
19,2104,1.3703077772524919,-0.36713475831263903,-0.06255321694609332,-0.49650887979022135,-0.9966800230262657
20,2106,0.5428613425847215,0.37273147835529763,-0.046824438052269275,0.47700091379312554,-0.9968575791539157
21,2107,0.25568937775524136,0.686374664489486,-0.10695079748991677,0.8718657458302607,-0.9954796644380568
22,2108,0.0034322861010104427,0.6660578708025349,0.10033918083730892,0.7732010489045728,-0.9423275240944378
23,6217,0.28435356848398674,0.7441204308520918,-0.17353689245055043,0.8700440947815427,-0.9006661925906807
24,6219,0.16050891991562716,0.7309342144682687,-0.043853852098961366,0.9208272715182186,-0.9976241623011896
25,2123,1.5616719969065012,-0.5621347416463014,-0.030096359613247303,-0.548878341669652,-0.9974790128364728
26,6221,0.6032276832728242,0.42207068118350355,-0.14516545458144264,0.5946645960759838,-0.9996430594057608
27,2127,0.13404208855316774,0.669931942610341,-0.03892048438901222,0.7601012342567556,-0.9967658432124169
28,6226,1.580541678739954,-0.689826327661583,0.07180216019057252,-0.6349855550338873,-0.9215181379181949
29,2132,1.1029719030287684,-0.24425652861285868,0.07098701753661578,-0.13505187851834333,-0.9974884480946553
30,2133,0.5679533990061822,0.36398961160345855,-0.025995203474795597,0.5063284139932568,-0.9995509456933298
31,6232,0.384304268840141,0.5708596877823959,-0.08002265750125918,0.7569152696015695,-0.9997784813078282
32,2140,0.4826646788875424,0.5488825403091174,-0.24301133211806653,0.5898650363417614,-0.99990503085409
33,2142,0.9486932294481063,-0.07024608696621376,0.05076411359758762,0.2005066074148054,-0.9870226780465079
34,6239,1.7255993031515593,-0.7960861779579662,0.054323650860101394,-0.7965606474925719,-0.9315083015079327
35,2145,1.898845099057225,-1.0906462753402497,0.17960379097435183,-0.8483801196550665,-0.996366317251985
36,2153,1.5236152860009873,-0.5740862165799804,-0.006226231846373363,-0.5080639904298336,-0.997482344590725
37,10347,0.32051808503113427,0.5652920920883989,-0.024810275693539417,0.6103944721619458,-0.9985777642313474
38,2158,1.1634426233837476,-0.2978446309169649,0.06750088791198319,-0.24059151200404288,-0.9398222084550603
39,2161,0.5015369684882355,0.3769489324773247,-0.06668476827120311,0.5234423458983053,-0.9984698751363408
40,2163,0.6226335982628899,0.3026140993901074,-0.05955326629948821,0.4230256376223371,-0.9925066466901037
41,10355,0.19196117826612163,0.6350682208292423,0.005641419812679102,0.6843948916694164,-0.9961530342564741
42,10357,0.9060527017016644,0.05025974953635073,-0.06547869394838556,0.013313482955486164,-0.9975802640513681
43,10361,0.23079685673973974,0.6532876243327723,0.0023662584228239004,0.7358468255853274,-0.9939647896980142
44,2170,1.8326846064645474,-0.934927458512971,0.09068540448043527,-0.8671668575229583,-0.9967233556580248
45,10363,0.5354176582468569,0.36222770106565483,-0.035582149058680276,0.4462875390041403,-0.9951374127898281
46,6271,0.8020912260367685,0.04307404340102899,0.049325045541477784,0.27382251741181446,-0.9966394691900289
47,10367,0.6338219236246021,0.15057536378879371,0.02957503349956057,0.20755843835258347,-0.998714756286789
48,10370,1.1648622833639783,-0.30879870541596577,0.05458550848483096,-0.49030225359548374,-0.9974942627556361
49,10371,0.7839334101363751,-0.06288364476276737,0.14797890828967905,-0.05499075872009913,-0.9938821092573983
50,2178,1.0921099395083642,-0.15427774206579836,-0.029855082953834614,-0.14550516223053725,-0.9927815133732126
51,2181,0.062096593538657166,0.7925731121566778,-0.0517508605558344,0.9237309765302375,-0.9972746404769619
52,6278,0.3142108437846549,0.37559878775558986,0.16076775031519655,0.5420139347063303,-0.9941942999583959
53,6279,1.199064100285741,-0.19765718221272138,-0.08638839707526805,-0.18024666969893405,-0.9971804926766711
54,10374,-0.03273355364415554,0.7747911920052126,-0.005520405900760669,0.9505825784200774,-0.996879555513929
55,6281,0.23143831184912955,0.5419703829302697,0.020366588300867804,0.48099073686570853,-0.9933867072700057
56,2183,-0.02334418167759062,0.8304454904989728,-0.05131608460102392,0.9423435337984516,-0.9939055710425959
57,6283,0.3612558792516026,0.4080343809958789,0.08859262297149524,0.5045011014832927,-0.9983422440847374
58,6280,0.5637012790814915,0.21762522277513036,0.06335585942502875,0.18224381589551736,-0.9976011671587584
59,2185,0.6608647856095604,0.49698781310133655,-0.21609183189683473,0.6957841213091197,-0.998722584118486
60,2193,0.19628666244311602,0.6575480847349637,0.01881279505737437,0.6121012683743215,-0.9969659939119884
61,2195,1.220108023249966,-0.4178771478981951,0.10610080826380543,-0.0822375798408226,-0.9998226581497448
62,2198,0.21123583765688997,0.48794513244347776,0.093237551850051,0.5674739974171683,-0.9963547955252797
63,2201,0.6675159016177027,0.33726374985128216,-0.15258433937402668,0.38624115992360125,-0.9718714025278613
64,2208,0.4125155091549493,0.5445324238259612,-0.062407918428136824,0.6767002453042503,-0.992088278174665
65,2212,1.0441375171257428,-0.22628832412360345,0.11214711739718064,-0.04133326665843024,-0.997126887273055
66,2213,1.6366704670691956,-0.747129900589873,0.08281772594164882,-0.7062163898728349,-0.9983278172223173
67,10406,0.43330846656544436,0.332356864068861,0.03046144617609732,0.4946066077940916,-0.9968048688681612
68,10409,1.393850879264096,-0.4770320123257525,0.02613722949878984,-0.6007165854967422,-0.9990827483065148
69,10414,0.7187062154766304,-0.009245639316294574,0.15781427101756157,-0.015707748434818734,-0.9983063112017417
70,10416,0.7357740095186046,0.13268794501559822,0.039575787317522246,0.10215520670225789,-0.9301452801980584
71,2227,0.43065039327146815,0.45202122441955045,0.0019282157584708695,0.4873541455635173,-0.9965994439482381
72,2238,0.43144677461808667,0.3726307981804351,-0.030736021314731937,0.566609357872851,-0.9979561783176712
73,2241,1.1531180414671196,-0.21904172409146078,-0.06542972259895433,-0.09630358195604834,-0.9974022034507221
74,2246,1.4724109845309368,-0.630170135273374,0.11152134955631117,-0.4989019012049045,-0.9982833521483174
75,2247,0.9046089470455243,-0.07449261717674677,0.07054932209988352,0.14050953367598573,-0.9959757262482662
76,2249,1.0524552766943969,-0.15510367508048437,0.032045489361859046,0.020713593191914098,-0.9997080381415396
77,6346,0.37180624862180184,0.727610692575109,-0.23025793468009859,0.7554590385942064,-0.9997561454768598
78,6347,0.37134973286452855,0.7577962254833784,-0.2214279404710843,0.7228828860783277,-0.9998068084502203
79,6348,0.33797858917348317,0.689558091667669,-0.14316332742522375,0.710990208771299,-0.9608412424412098
80,6349,0.9771604624890912,-0.1842676100583532,0.12939811303231147,0.14552083600557023,-0.9927366098841038
81,6351,0.9781864149566152,-0.17465880111952561,0.12630612201247116,0.2279948490194309,-0.9997052436209336
82,6352,0.8058736677672804,-0.08277841380362076,0.20398500306691186,0.3490401386443866,-0.9997623835043373
83,2257,0.445343828476049,0.37133105833874425,0.054362816244047436,0.4674202297771493,-0.9997105544497854
84,2261,1.5482267343664884,-0.5739596589539668,-0.018164973455235163,-0.2577546698596228,-0.9997214195879112
85,2262,-0.017072487049108576,0.6600109830995683,0.06532126208174613,0.8097242158169625,-0.9942654359621066
86,2263,0.2438207800406672,0.5084816175917426,0.054942991797962484,0.666529676334058,-0.9964751650838292
87,2268,0.1729796433139848,0.8658529897857483,-0.18852933181262518,0.9666927167871169,-0.9965615568168722
88,6365,0.30647536766174427,0.5830554451932954,-0.029621686029460647,0.6225854366196031,-0.9980360233114799
89,10463,0.9197328637563478,0.05737856521695954,-0.02786998975888603,0.23259010510804762,-0.9995047311351793
90,2272,0.5835750736244084,0.27174034213679016,-0.05644687135770985,0.40446656579105644,-0.9938012858720009
91,2274,0.16374663342006635,0.6651546323034119,-0.012928085558476332,0.7837564626803496,-0.9970342138315581
92,2275,0.554600032812798,0.29645584305638967,0.037148660500132734,0.37813619430090933,-0.9903799076744628
93,2277,0.730676770192509,0.37803776176104176,-0.17057746401892424,0.5463945121547755,-0.955384214393665
94,233,0.876920298334275,-0.06680999616835243,0.11018274720432474,0.13065424111560936,-0.9719297745622039
95,6379,0.8335022888765664,0.09910832711108435,-0.017438770516044,0.38210772457351333,-0.9995987964408741
96,236,0.5709330591527852,0.2732047937554652,0.03665916461748867,0.41228540302269756,-0.9041333953737322
97,6381,1.411666894266308,-0.3306876503055761,-0.11353316134995284,-0.6139983713600478,-0.9953228943591874
98,10478,0.06095154246642071,0.8527721739345043,-0.03833429417620229,0.9542125238052613,-0.9985335467614501
99,239,1.3933991623641666,-0.5277050348826045,0.08613770420358965,-0.48018571685526834,-0.9961052282433618
100,2286,1.1499603261000082,-0.30678876143281497,0.08330143259204482,-0.2711199440183459,-0.9996404295776412
101,6383,0.6189858059495186,0.05165536743595736,0.1637479038116238,0.014314036133852662,-0.9972957929451978
102,2290,0.3639415063528954,0.43821714929431993,0.05736776766289126,0.41072002118220524,-0.9959108923316594
103,6387,0.3440405987800849,0.35950309237405914,0.1669467757910663,0.535617873422455,-0.9939065904126593
104,244,1.6525977069858975,-0.7330409740911082,0.05750705980705614,-0.8100889439151254,-0.9607175077720225
105,245,1.0289462612975049,-0.25157718018881237,0.1470300924791482,-0.11615989462260357,-0.9939157864509055
106,246,1.2443890623107567,-0.3479533137014323,0.05849294070842996,-0.1269295656062287,-0.9927255715715261
107,247,1.147751091554094,-0.26645011670350394,0.05916555022728484,-0.3128844378394169,-0.9947814007946296
108,10483,1.070263297687741,-0.10810856928341303,-0.047024265916330014,0.24760553554383002,-0.9974837670733913
109,2293,0.8980888371939545,-0.026260529968187864,0.0073203693529371346,0.2959610828317405,-0.9998987891035638
110,2297,0.7427878715006623,0.15648238499678477,-0.03176967069039395,0.21551933562007738,-0.9974232250033379
111,251,0.817123715787186,0.10516120059968032,-0.03361304954059257,0.2924165592533909,-0.9923356997740199
112,2303,1.1807072199110784,-0.23609594026743683,-0.036633161449062895,-0.2433794598113338,-0.9977352151608783
113,2304,0.5712001031404202,0.13957688057322687,0.14061180190738423,0.24201490645315896,-0.9964250397032802
114,2305,0.1921949869276718,0.6152738788826742,0.02707835409115021,0.7842967588451498,-0.9954411290873382
115,2308,1.0844445120151078,-0.3199609108725389,0.13867899908137857,-0.2635932671260954,-0.9925225307160601
116,2313,1.5444895782062271,-0.624914161929053,0.033339433014931245,-0.3947381043522277,-0.9904197902560414
117,2315,1.1639743090320314,-0.15743637000368965,-0.06202082871539093,-0.19776674863352442,-0.9920364773577015
118,2319,0.2941810867610218,0.888982803877111,-0.24248397347207015,0.9604336578210158,-0.999998715723312
119,283,0.567620168549999,0.3002861006865126,-0.04406245276274571,0.4501392848484833,-0.9964051785229113
120,284,0.5192946092016315,0.30807386361519673,0.011314846940257868,0.5345758454324331,-0.9452887499615749
121,2333,0.4097512532725269,0.3541073685162894,0.04600610639216558,0.46448896340492185,-0.99825695582962
122,286,1.339089958229587,-0.44257294100365563,0.059941703387177574,-0.5650106120177582,-0.997054651594973
123,290,0.1530621161709035,0.7929587092687784,-0.10424616686471706,0.9105610470769898,-0.9974334061272333
124,2339,1.558616612388344,-0.6645848708404857,0.06975350685204543,-0.33443638730344666,-0.9953886911086911
125,292,0.05713260787777795,0.6954301519888952,0.09326739663329818,0.7898887451797827,-0.997066636343271
126,10540,1.3671336944996915,-0.34276502707221757,-0.06850457014531859,-0.4075761355580407,-0.9961311456463442
127,301,0.22252260792136003,0.6694584148270614,-0.02712039216869559,0.7739236191884658,-0.9280521941284445
128,2349,0.7590285981194601,0.1599040987889171,-0.029365842715268077,0.32075562301651933,-0.9474045720443532
129,10541,0.4310021784842787,0.46937807613410715,-0.00545356797744354,0.5149100401173798,-0.9986915928663099
130,304,0.30870241921026287,0.4513037398864838,0.09647552614398258,0.6857675491682061,-0.9978248603929947
131,10545,0.39726717706790676,0.3802740684927969,0.03705463359803622,0.36005263942028765,-0.9948805817587864
132,10546,1.4595630972477682,-0.5384498051371411,0.05153721497407504,-0.5237971768483215,-0.9974307795338786
133,10547,1.0383199771744287,-0.14966631007942519,0.05044428665680851,-0.10554578787330415,-0.9985979382989995
134,10548,0.4840435706698902,0.2974667090953306,-0.006602600404264594,0.4180554824140976,-0.997521518237688
135,2357,0.6074666434540735,0.16696074921245002,0.09132736876491762,0.28171437632011864,-0.9977517679274857
136,10543,1.472120481476953,-0.4725792268209511,-0.035181511766753465,-0.4760568751137986,-0.9968387024308654
137,10542,0.3117656786821541,0.48908369606192353,0.09804480278400532,0.6100211809425715,-0.9939289184568759
138,312,-0.18832496367796797,0.695836332196706,0.027905338186424385,0.9568266219808533,-0.999417569737584
139,10553,0.4282298003549571,0.43668718637577875,0.011310032353112568,0.46697049532602314,-0.9953688331596697
140,10554,0.6236803293013119,0.08116245716126946,0.0721105926413731,-0.012597269998883576,-0.9968191847253284
141,10555,0.5415692858387339,0.33163128969877026,-0.02796512084259439,0.3995487886622815,-0.9870270631348019
142,6456,0.6373303503700112,0.37264363765211495,-0.10421923745406605,0.5211603414855517,-0.9906664668567582
143,2365,0.1725758662441764,0.6535527801386318,0.043546382420301906,0.7570987490728767,-0.9955892956907403
144,318,1.2828957872051212,-0.30054111945501893,-0.03870752679537318,-0.40798234093585733,-0.9956084388286158
145,2366,0.7747803905973641,0.12904243232339185,-0.008041478343865358,0.2733451304565688,-0.9971039535366597
146,320,0.2185802920401236,0.7584392350152462,-0.09774613058598082,0.8432800194042488,-0.9936873638862975
147,323,-0.011881905682765134,0.8970168515906485,-0.052500343515493576,0.9679095563017185,-0.9963443677791893
148,6468,1.3849648363284108,-0.4756278939929509,0.05377984203414267,-0.5475879499279681,-0.9994361141122269
149,2373,1.1291090084730697,-0.1611129711579808,-0.04462607007211288,-0.12207112214165144,-0.9961233846137032
150,326,1.6673930951774274,-0.7452360674943721,0.0631787644249034,-0.8355885590864144,-0.9960024801524443
151,327,1.6054614923075432,-0.5766865548177774,-0.038138841768688404,-0.8696539361848467,-0.997788799891883
152,6467,0.5599364015871104,0.20009734446055688,-0.00373767328927349,0.3579450141710717,-0.928379787528604
153,2380,0.8288952519324718,0.17122677626964247,-0.10316611576533585,0.0852606527349979,-0.99528825465455
154,2383,0.4280356661116539,0.48610225724311606,-0.05692918679075052,0.5646749850997466,-0.9974491345822512
155,336,0.5998161239029609,0.2209673682716598,0.06407919204906548,0.287441406456856,-0.9997171593233564
156,10575,0.39730157288180495,0.5199670356032265,-0.10706252606819919,0.5634754249820929,-0.98377303167713
157,10580,0.5592842003169232,0.2187249259675018,0.06530970769847964,0.28671798860709136,-0.9942477480685701
158,10582,0.8060724431281391,-0.04086317193315138,0.08012652850226888,0.1005111560865675,-0.9317393675514888
159,342,1.2837018660742117,-0.3129272210083782,-0.0493596469694342,-0.2223436307241391,-0.9941749450726498
160,344,0.4723202029778584,0.39512759817940807,-0.006065684238345137,0.5170548799162502,-0.997485810348162
161,343,1.1333637625711352,-0.12792598606918354,-0.09331599341571108,-0.21902380499495305,-0.9978647465257958
162,346,1.261193326457957,-0.1692422346697154,-0.13337490874306662,-0.2820924502025591,-0.9995310283385427
163,2390,0.5369150621085109,0.24512110726147485,0.03432853221932888,0.3402685432208816,-0.9923666067216961
164,2391,0.212231178179046,0.7069388226658844,-0.04317857333225708,0.7926938973962196,-0.9462961188022369
165,349,0.04867887154224999,0.4266906004753209,0.1897220888290377,0.5241706139023659,-0.9986413955076066
166,2397,0.11619105978092453,0.7424684901343223,-0.024472928757014678,0.707847916859756,-0.9893002016187274
167,6500,0.3412476064895243,0.5857831021367277,-0.057327348721679855,0.713803798012655,-0.9999005943366887
168,2405,0.6381484536173815,0.21345832820607666,0.031487078897200024,0.10239269627115449,-0.9989874394527256
169,6502,0.05696344696621386,0.8059304163140695,-0.08441196623109706,0.9413523861741719,-0.9665673608164845
170,357,0.6345233556174408,0.19529753636957556,0.06903447432384428,0.022851217646238785,-0.995961037143999
171,2408,1.1090855773780688,-0.09738573091165059,-0.07827469911126612,-0.03121539845427317,-0.974592658150084
172,2407,1.5261843612129802,-0.6626724846351516,0.11386542587245475,-0.6873332034376732,-0.9927695253918507
173,6504,0.23027859768026235,0.6432373545060233,-0.004155799783386553,0.7760639222854195,-0.9995229281728114
174,2412,0.7497455560575526,-0.001391737060594922,0.11848694641685374,0.0022460665200809546,-0.9920777433036227
175,366,0.6465248377972382,0.26500395562106316,0.006558483365468501,0.4058788905561731,-0.9933465704346089
176,371,0.4413172062540309,0.3198110501973157,0.1015773995662006,0.45543024088584894,-0.9919889396868791
177,372,0.4269410776644156,0.4788756159866287,-0.024434623653415994,0.5713523646163534,-0.9963843819456882
178,2419,0.3441008210492662,0.6070281312163063,-0.08651896438844227,0.7906916509476576,-0.9953451305907405
179,2423,1.5102720193770862,-0.6295457641159415,0.07509393944150489,-0.6575718203950495,-0.9917130502112054
180,6520,1.6834876544070096,-0.7135005531046551,0.011164326255155014,-0.8428631818359377,-0.9314646310537045
181,2425,0.6332354471359076,0.3332836292436797,-0.08196322004034101,0.37307616779289066,-0.9998337278869353
182,6522,0.5466777271349983,0.35557978555441144,-0.039641898547803936,0.4217471597612042,-0.9481326808255708
183,2426,-0.02125823925261319,0.9021124388381357,-0.006665959708127514,0.9731570864914505,-0.9962064501892889
184,2427,1.495881280346529,-0.5337581251839706,-0.015707539460892324,-0.49077308447312723,-0.9957829458446226
185,2435,1.472281393488936,-0.5429338819701421,0.022826353681811667,-0.4061911480571309,-0.9951621220626096
186,388,1.634924343188826,-0.6558987120654852,-0.010306490756724847,-0.6217273158102566,-0.9954825953214979
187,2436,0.42545741101477214,0.34183921539381606,0.08689177408777139,0.37294312454939993,-0.9926731103042131
188,2441,0.15098449443873574,0.6956511478462222,-0.0004924278488028016,0.8407998687840323,-0.9989571101787008
189,397,0.7192992109699227,0.2212964001952183,-0.06875158711712062,0.2943350899534395,-0.9983278479638418
190,401,1.133177037236962,-0.13584356519118534,-0.0714729742426483,-0.1783276478252096,-0.9967592382182927
191,2450,2.0390856549182557,-1.3142250447122306,0.2632033653565519,-0.8714008330975478,-0.9940617525259507
192,2451,1.7431869664032416,-0.9631393877794081,0.1902829790958782,-0.6597576079771202,-0.9471974919451681
193,2453,0.35255570042970263,0.7357669807088453,-0.2716224574104102,0.9178100040662933,-0.965508601619271
194,2454,0.3540221591168328,0.5470975042566928,-0.03461837061774876,0.6558133295560451,-0.99567078421181
195,2457,0.25761441993782075,0.5670283386819299,0.022222621380247103,0.7380280768116863,-0.9998648237447393
196,413,-0.10957615213432259,0.8489866018098686,0.05704488194733522,0.9321028356760159,-0.9945069916537489
197,2461,1.2243763776860779,-0.27330090859076667,-0.014664494786049295,-0.22060581916996724,-0.9945670378624859
198,2462,0.5344978317091795,0.34156845749676806,0.041413666032954176,0.3417292987920516,-0.9949211652033126
199,416,1.3571079061465585,-0.451180015285944,0.048931095489822336,-0.5462389448697936,-0.9961421663162402
200,2465,0.9375862453446325,-0.09825571053189158,0.08007008982735903,-0.15204239079541737,-0.989900308704896
201,2466,0.23071554598131208,0.5992034496163341,-0.07707666510262479,0.767905904201088,-0.9962269756565977
202,2467,0.68142925602803,0.2322584099117586,-0.029130174254673555,0.2853684929657732,-0.9889764170910185
203,2468,0.8722781500359544,-0.012146565312766582,0.030531919814414322,0.08359846373127938,-0.9932096462622274
204,2472,0.11630938853006875,0.8887324221398166,-0.16747143747580015,0.9905375299126051,-0.9540734702838221
205,6568,1.54139937273903,-0.6667784155238892,0.10166584353893592,-0.5703052204893956,-0.9968602087164474
206,2475,0.7282444092049764,0.2319244413387491,-0.034072145370252785,0.36376767468926624,-0.9948116493863215
207,6572,1.3576598190256641,-0.40070068620436405,0.006614177410759094,-0.6486149756982682,-0.9942898419123226
208,430,1.1236923997210355,-0.24488674619445644,0.07122829571395799,-0.36396597110180623,-0.9943099595326041
209,2482,1.2032061688985687,-0.22523307321632358,-0.026934978037132046,-0.6439398541571679,-0.9974725588087419
210,2485,1.0152423296231623,-0.16955213477809689,0.07195718802740406,-0.1934464169941424,-0.9896941262249325
211,438,0.7640907220971584,-0.06195507891645595,0.17505545756878327,-0.023103518894576475,-0.9948091635384435
212,2492,1.2670903561689077,-0.30284337084428037,-0.04393338637302683,-0.34984677012455095,-0.9886209228350992
213,2496,0.6252456229965973,0.27423600134497217,-0.009687729249041752,0.4789063060404128,-0.9976299930083884
214,453,0.6227209014529019,0.3901131776407134,-0.1409467874199923,0.5959171494423998,-0.9385831211495076
215,456,0.3773679837797858,0.48619386193199277,-0.06368894175317198,0.6388953377254007,-0.9190932411682948
216,2506,0.3600791461308339,0.5424293249262246,-0.061637272606859216,0.6923157213371622,-0.9976267759793337
217,459,0.1780402654955984,0.6599165657613973,-0.014830188443440197,0.8058368514106721,-0.947041095276376
218,2507,1.2823922330305089,-0.38682356418963953,0.036813229754487434,-0.6625064759928799,-0.99646329148745
219,2508,1.613142535684502,-0.744991522245465,0.10061469869931955,-0.6317881347259002,-0.9959968565891428
220,465,-0.06744068006362205,0.8237041853523593,0.04802749906407968,0.8894585991158613,-0.9613935090247439
221,2513,2.0285542586308534,-1.2302839584792087,0.19737224055899258,-0.9324347959621101,-0.9985533786611572
222,470,0.9857031449149051,-0.05111243605468487,-0.034101724559306996,-0.0293066101289399,-0.9994812080508698
223,2518,1.032184815200648,-0.17633747039273057,0.046703428607723245,-0.08653780016476462,-0.990995635387186
224,473,0.3635790139204397,0.5893732493463982,-0.11002139700611557,0.5963642456481538,-0.9932347734276135
225,474,0.797037291212121,0.23529247577759693,-0.17733554355775055,0.06379462642474028,-0.9927974991044077
226,477,1.017624341122486,-0.09908035604571819,0.011221392738299061,0.16289364451587393,-0.9449157068793329
227,479,0.8419926815019352,0.1366332760025602,-0.08424719400973134,0.24555627675875671,-0.9995903917114027
228,480,0.1688950341415929,0.4769382215635973,0.11099391964368654,0.6274730110210511,-0.8735847368257746
229,482,-0.0032942671736297738,0.7095937107364685,0.0850912808706048,0.8660668999517805,-0.9974221017685685
230,2531,0.23286120595749762,0.5395506271842622,0.025746958590009656,0.6171353359263668,-0.9953467997425228
231,6628,0.9789094073774549,-0.09168176712093934,0.04675203056864255,-0.33274472552967255,-0.9923565402521648
232,6631,1.2253763646492752,-0.35087483744833264,0.05576362597853876,-0.07271003795572098,-0.9899866761870361
233,2536,0.9039506977444236,-0.05852780227094567,0.053854284215189625,-0.0008343510851383059,-0.9994143430956652
234,6633,1.3367389115258748,-0.39155631624209675,0.00702080434856704,-0.2693869460134745,-0.9947590731861062
235,2538,0.20925605647619905,0.569429884984902,0.09274222014825097,0.6407798197785899,-0.991011092422563
236,490,0.008501050398722714,0.6342507372373397,-0.00501528993912967,0.8624512856652273,-0.9972973201340274
237,491,0.6620651661176342,0.24259037579474702,0.03355073454235274,0.4361762179739865,-0.9931421294998694
238,493,0.32407003003674184,0.5889566116789512,-0.018061933551214156,0.5651832272672295,-0.993739539737727
239,492,1.0263968116034063,-0.0382432968522458,-0.06451895251654878,-0.23632966930001356,-0.9928999551338396
240,2541,1.9806250967523633,-1.2196300093513366,0.2284200877171042,-0.8868123288351102,-0.927372158618904
241,2543,0.9668971717907083,-0.15760250899159559,0.0757054104708319,-0.11912051994148481,-0.9914546103642657
242,2545,0.8055011867378037,0.09105370964646227,0.005754015967504589,0.14618079044300009,-0.9988739168618267
243,503,0.2173794326849141,0.49749838838569427,0.12474964353161974,0.4298050025568005,-0.9982666883463401
244,6649,0.34984507158823736,0.42178588697048197,0.11814368325305352,0.42108677304895376,-0.9981739113348781
245,2553,1.3631825438837266,-0.29767131037996974,-0.09093085596613172,-0.7621743360392518,-0.9967470254640007
246,2554,0.584509423655108,0.1821800045101914,0.12749299285549195,0.30532659436242066,-0.9900052244168336
247,2555,0.6198271106936928,0.15386528874836952,0.047690392050378616,0.34474695282652135,-0.9952727899894833
248,508,0.05747151618977701,0.6895231821426161,0.0667360065208995,0.8067550658883358,-0.91050816591077
249,512,1.3690575197567867,-0.5721035136092826,0.15993614511598234,-0.49769328513543826,-0.9965635266024702
250,2562,0.7899095332993767,0.10595348457927233,0.015222572250504775,0.21989169351714646,-0.9994333866846533
251,2564,0.05290487905109752,0.7931046132062716,-0.018521843591697288,0.8493402557809193,-0.9979800279343216
252,518,0.6154968414194684,0.3373681961496429,-0.061733823329198086,0.4665750970625407,-0.997187966560248
253,2566,1.408982847877456,-0.4541409886754694,0.00027231751992875316,-0.6566235434117007,-0.9975132924982466
254,521,1.6707108329022464,-0.6905378664141785,-0.01046170149032869,-0.6079475660889627,-0.9965041595496416
255,2569,1.664756495033763,-0.6140150604015123,-0.05373397806984205,-0.9581329742706051,-0.9976483716701772
256,527,0.4642928398124737,0.3917094420454217,0.009020819170382256,0.2176468942884087,-0.9566380998308918
257,2576,1.683874454837344,-0.696548657776244,-0.016211524145799662,-0.7258788689273145,-0.913337701752458
258,2577,1.6359547240834393,-0.7116703283866895,0.05289895141752974,-0.8070426463441516,-0.995640703779412
259,2580,0.6283700843350858,0.03220779064354025,0.1770356639031505,0.2410449873933627,-0.998126700270547
260,2581,0.36561878311059276,0.40145597288532775,0.12800971120818427,0.44123216479257477,-0.9997503844913344
261,534,1.4928630730033556,-0.5992820454691239,0.03329544723337327,-0.35879069118537377,-0.9390173132030896
262,536,1.1126660486048445,-0.1760109859395123,-0.04095253313643473,-0.1964313033880555,-0.9958143964823686
263,541,1.5602564937381678,-0.45738303210004927,-0.11141933210922005,-0.9043766748203831,-0.9961436105414079
264,2589,1.8198479736781383,-1.0689987090133002,0.21005528975277937,-0.6882633015730348,-0.9325996770392688
265,2591,0.7833294802953801,0.028179657744066708,0.0948894662744994,0.2255148961154129,-0.9899504154886051
266,2595,0.9231483122025698,-0.052061842845221855,0.05677301465213149,-0.05112699641047406,-0.9983343194111876
267,2596,0.42737589505344836,0.3522427746408793,0.10946121347548651,0.455242563537816,-0.9952799847729568
268,2599,1.6406767173216479,-0.6734644209273449,0.0035632997700670993,-0.5872069142254354,-0.9941718320579609
269,2601,1.2381865746111949,-0.27116519689834556,-0.023712675421962454,-0.4845258139376531,-0.991684497072282
270,555,0.5885842518536194,0.2584253639840395,-0.007764594115056206,0.44183055748631916,-0.9987814869501006
271,2604,1.353042743160529,-0.48788764900916654,0.07745913469273712,-0.5087658514942629,-0.9886213791346541
272,560,0.19491848156919464,0.6490556689956962,0.025257214668054633,0.7626742266974482,-0.98668175907192
273,2609,1.019350014291637,-0.2124832307759002,0.11048555664467155,0.06316455581820603,-0.9997170651438473
274,562,0.8066439035743767,0.1509006415027268,-0.06955648564385072,0.10062783334346179,-0.9962954926199298
275,2610,0.351051802107016,0.5391523203454249,-0.056437471438151136,0.7217169696496881,-0.9935742550100577
276,2611,0.4324346736877588,0.3628565137919202,0.03677111594044871,0.34930202662296306,-0.9925432528484519
277,2614,0.47719223773311775,0.26049343243072787,0.11871087278767314,0.29297723491526284,-0.9563483286214259
278,2619,0.6936534463428526,0.332924924177265,-0.12694584890497917,0.4483053448054726,-0.9970852543778089
279,2632,0.19494551860970605,0.6569484190036027,0.014611238164977154,0.6138271464134734,-0.9985523607623459
280,2636,0.6559347892077677,0.2653388894192155,-0.0835694724219108,0.43568213888230983,-0.9307668602388273
281,8780,1.1517492960367777,-0.22194007340340988,-0.03982830325397756,-0.3271102233310139,-0.9954898573006958
282,8782,0.6607887655523428,0.14246963502449644,0.027145877760395037,0.3850675581225714,-0.9984188557731153
283,8785,0.40310581831117764,0.39110675366455766,-0.012556655388657852,0.394066591173886,-0.9954269660662906
284,594,0.7529390008824495,0.04535411904231179,0.07588961761557181,0.2642525777753344,-0.9966281384762457
285,2642,0.38491348074566223,0.5342320403716121,-0.05687803615843589,0.6173659886401338,-0.9980186032207238
286,596,1.6574986139877221,-0.7989527590512631,0.1101585764972083,-0.7402380478395822,-0.9981846241121206
287,2643,0.46105816488975593,0.46228735730238574,-0.07400503266476893,0.6628207024523458,-0.9997918121962345
288,2648,0.18886885246913857,0.6310053298274323,-0.07276231124604421,0.6312674369424917,-0.9940744563002419
289,8796,1.4157672454493175,-0.5029575232581681,0.05025926132124306,-0.5997176028161718,-0.9995958910455718
290,605,0.49687702685458984,0.5140218105941071,-0.10609990562371426,0.5531900612353782,-0.989330523515235
291,2654,0.10893785857618025,0.7724354710496798,-0.06850688827274576,0.8090311034638666,-0.9997110760795221
292,2655,1.1271725795771272,-0.275131219238349,0.085567456668638,-0.202291135856408,-0.9960915108535021
293,2657,1.1222120856795683,-0.29792340579646603,0.052508167458213455,-0.07409637673030448,-0.8972893787269407
294,611,0.788294197988731,0.1558304343049908,-0.02824782802682068,0.2019410525236537,-0.9964748046521579
295,614,0.16130250629111642,0.7825817424305054,-0.13540373961601404,0.9154882674178312,-0.9981130044636962
296,2662,1.2409662165411177,-0.32879780059513686,0.030159861853335832,-0.30419365027845424,-0.99910515179355
297,620,1.1622513593630333,-0.3006915695958764,0.0802884191570609,-0.1524998152974612,-0.996286176582631
298,2669,0.05945491306638262,0.786202871809412,-0.01858748677706967,0.8539178487859919,-0.9973631690949741
299,8814,0.21676779632486207,0.7714873223562899,-0.20368535583003133,0.8531901397961218,-0.9939461305855184
300,8816,0.17108791280703534,0.5040609700517396,0.15797244878797773,0.5106758392024181,-0.9689861600721833
301,8818,0.7688713606865386,0.036140822497812836,0.07839330439383813,0.05208745102590937,-0.9961310966404903
302,627,0.8499042078239737,0.0037319142898648433,0.07358193326337917,0.28074035074467535,-0.9624996439883152
303,2675,1.3828531711679855,-0.45430509502441674,0.028793112767126046,-0.6783745436469871,-0.9957317348775956
304,629,0.5602236122629517,0.31262202528494354,0.019535979139809204,0.471682068509092,-0.9952452817420829
305,2676,0.6969586095104391,0.18436215473099432,0.009913793021948794,0.41781481055117936,-0.999388738286603
306,2684,1.170956356991712,-0.22449817947610773,-0.029359125427056754,-0.12740711844061317,-0.9996030605375829
307,2685,1.7261070846242554,-0.7701584546840886,0.03312194690129739,-0.9020061206014184,-0.9911494797593777
308,2689,0.494579030174207,0.6026796310117021,-0.2014092163592589,0.7201987238042563,-0.9958441971952308
309,2690,1.0613254898466005,-0.13371517418266365,-0.04032764458234574,-0.2293755710591659,-0.9528460368760192
310,643,1.1727991712339134,-0.19685232220524448,-0.07133221801856379,-0.10393797924123156,-0.9221239655882197
311,2695,0.12464777886306663,0.614811681576538,0.09398836437478736,0.6347474398737732,-0.9930764611149452
312,2703,0.3087795736936453,0.429604903350012,0.08556707600442294,0.4846568029046594,-0.99941089849811
313,656,1.0451285398409405,-0.08504667987486485,-0.04259858170537804,-0.092604937435539,-0.9934914445388711
314,8849,0.6342085720376277,0.30736987029030105,-0.07268116655890759,0.3044712794977497,-0.9998117506609312
315,2707,0.8418057137773405,0.007409834859595142,0.06279831369495278,0.2258414642652535,-0.9633335390293767
316,8854,0.22762339949480187,0.5814853008820463,-0.003251187907150207,0.6210347310375333,-0.9997954001808013
317,2710,0.886653491067456,0.07428900571316283,-0.042404551851816484,0.12412416883898363,-0.9997621636478972
318,8860,0.05084496264862212,0.7970736694421554,-0.018400671284922905,0.9272192941922719,-0.983132401074213
319,669,0.9527015214871738,-0.07407545015973488,0.04164770668563192,-0.1882171020639666,-0.998731674001714
320,2718,0.684607543224705,0.16389620114442877,0.020669730624226692,0.20424676149273083,-0.9939468711523364
321,8864,0.619793284175483,0.23947972673115767,-0.043917739405878696,0.44857268495979813,-0.9038914443937441
322,8865,0.7225383841428106,0.12389937569567895,0.005278460746793039,0.26270459704105553,-0.9941890219836436
323,8866,0.6466141666329831,0.15812227878844698,0.0010404848370434037,0.3058126503161533,-0.9974596603024967
324,674,0.8267502950140415,0.0993517473508464,-0.058337348170175815,-0.02329331376340898,-0.9971382894384442
325,8867,0.38227062509469156,0.4944557459326671,-0.09353828084311551,0.6923850265713747,-0.996070221519209
326,676,-0.07756956076672039,0.8108728696803297,0.04265014728140489,0.9309711636163209,-0.9484111488474982
327,8868,0.4993690740895102,0.3059108627667263,-0.003979501901356184,0.5186538547823704,-0.9974636572732222
328,8870,0.10523628433661159,0.7797188348954932,-0.09815467784441613,0.8720235144187541,-0.995713524874912
329,8871,0.0893442326864835,0.7612382431897486,-0.07452664468818605,0.891478236602816,-0.9966672920351144
330,683,0.12759959136567775,0.667735188659827,-0.03453023343428136,0.8164859906462952,-0.9971057900245803
331,8876,0.004984364323943568,0.8437117565588552,0.02416310485921931,0.9289147447924683,-0.9965829603713697
332,685,1.0307684592547328,-0.20890694549656147,0.09499610792634494,-0.18381419239486274,-0.9984696463601425
333,8877,1.7722335771458613,-0.8568391872271526,0.06744368326611375,-0.671911850395861,-0.9982352640595747
334,2734,0.8335175206148303,-0.07029702186005149,0.137634212192307,0.12659111847868193,-0.9997424950790875
335,689,0.47625809413242237,0.5372888163751206,-0.129052837908835,0.5455378508087197,-0.974286641676605
336,690,1.9144276623604095,-1.1294802366895478,0.20448439818476832,-0.7986311018683091,-0.9962908962332175
337,2739,0.4800164731182724,0.4747371468849331,-0.10140624865301595,0.5513834767847938,-0.9975949143152094
338,2740,0.6436033933357278,0.1725191547466641,0.06739211731879312,0.227463793723997,-0.9979081054105443
339,695,0.4497795740143961,0.3774128869701794,0.025745066704643275,0.3574964921860953,-0.9967639922044915
340,2743,0.5846094217479625,0.5079189639867703,-0.1528967177412692,0.7369581056588698,-0.999639810885064
341,2745,0.7365413504319502,0.12778016772301143,-0.05095383926707269,0.1308612887196538,-0.9913260128864854
342,2746,1.0797262860264276,-0.04899326049054353,-0.12593482654001262,-0.06155987326143381,-0.9548182982461524
343,8891,0.8146382183630476,0.06469376081984966,-0.029691165924369406,0.09250430367155688,-0.9972851422795497
344,2748,0.4531038238684642,0.2552712734132729,0.15092554106607803,0.542503216847386,-0.9904492001628618
345,702,1.7958921792669815,-0.9203573919563771,0.11324379273894018,-0.8183799722411501,-0.9664590956354167
346,704,1.0739235690633127,-0.28248409386548723,0.14719830421184998,-0.4346295719450118,-0.9931727696489955
347,8896,0.1972846284301415,0.6561212042182741,-0.002460685903384881,0.7637674689403537,-0.9967396533746523
348,706,0.9535533794607186,-0.11206849417784093,0.061338120730520106,-0.1197298568427751,-0.9967461636060017
349,2755,0.4551091329521027,0.45237837945897164,-0.062743785972023,0.5107328021510223,-0.995306592447704
350,8899,0.24197664845962982,0.9014142282987975,-0.24028089579475112,0.9237920478858518,-0.9936827675220918
351,2757,0.03668129876406255,0.7176749361915682,0.0025339812148121284,0.8696406372743448,-0.9947964395913255
352,710,1.59280695762835,-0.7421979511154202,0.11435584835016677,-0.6655596027966154,-0.9937187929852797
353,8901,1.221773686123401,-0.3091732791546876,-0.000511801765387805,-0.14895422847424603,-0.9986322717829088
354,714,1.7852624003399415,-0.8767520426334809,0.0786014341276702,-0.8610568857580468,-0.9959912924596916
355,2762,0.4041856723326197,0.4230477960572256,0.020653198654482608,0.4464274144010504,-0.997380274602929
356,2772,1.3602908614174913,-0.556358186410397,0.12922942372552432,-0.2842541636931446,-0.9938290619534704
357,2777,1.0894530186716354,-0.23248287896614542,0.023279317226704954,-0.3632897773806742,-0.9681726548160395
358,736,0.32112394207792444,0.6544638763554644,-0.07835464701946897,0.5813753159985858,-0.9885823356282641
359,738,0.6802968046276037,0.270215398154417,-0.035461627484931174,0.4180608233241085,-0.9900501588831945
360,740,1.654915932913339,-0.6705314489023662,-0.013567128599182498,-0.6788099052556107,-0.9984062715075995
361,2789,0.05266998709067199,0.716303469302524,0.010247971328411999,0.8887382460929978,-0.9942417131166809
362,6887,1.3421404742692604,-0.5489999427971551,0.1690081543721166,-0.4423983797754842,-0.9938336170549578
363,747,-0.020625979805064032,0.792013658269468,-0.045688810348524025,0.9064367509290426,-0.9939065791378924
364,6891,-0.11448448302043382,0.8803919761028924,0.09350870006270516,0.9603205559104864,-0.9937843993439798
365,749,-0.005608125569160675,0.8371357988283861,-0.005424667494748686,0.9645664180454993,-0.9584845241611369
366,2798,0.2659750566793815,0.6302029220615597,-0.09502711298827417,0.6394838923218574,-0.9959280744693445
367,6897,1.0220992150484667,-0.04463292535549718,-0.08420365932959945,-0.06927660230610898,-0.9969617655238245
368,754,0.04864865030335397,0.6010510059530205,0.1472946664051555,0.7420703873972789,-0.9955084373701663
369,756,0.4980817515711737,0.38116430151550607,-0.007064088936925759,0.516509476787167,-0.9932335160502516
370,2805,0.5920587530194225,0.3130181993097639,-0.09313897038014635,0.4370569124307949,-0.9970038860932304
371,2804,1.5190241733931773,-0.6969534171523545,0.13390971577590402,-0.5700818983721203,-0.9963576728398488
372,6901,1.5565522542843218,-0.6643089416009369,0.0425351214891376,-0.432024019632283,-0.9993063013417772
373,6906,1.0356776695124792,-0.235644376123349,0.11520316175765782,-0.03542630606117517,-0.998192595831481
374,6908,1.605821344951243,-0.687118930379767,0.058199276149268994,-0.727456659905516,-0.9955322633196187
375,6909,1.6507188584776729,-0.8705968883911923,0.18836898068623406,-0.5357605169752978,-0.9986170480303158
376,6910,0.38957616281357166,0.48811717465485444,-0.06719058228198829,0.46384798825837525,-0.995186812594558
377,6911,0.522111271425264,0.3587464502116429,-0.008486956059742172,0.42051404021835226,-0.9942305398220272
378,6912,1.7371434553699254,-0.9415437426339965,0.18296446895989318,-0.6150296890454258,-0.9992417120121695
379,6913,0.9748973704753915,-0.034241486103467764,-0.04760231842585239,0.018264442913052292,-0.9919600758749905
380,2818,-0.007331723750803057,0.7957588657708621,0.07944113625964332,0.8734308482411713,-0.9987687147823446
381,6914,0.15834801758642872,0.6021381144718858,0.0430871184432862,0.691650853762841,-0.994005326118853
382,8964,1.1415865719826395,-0.26212813540239266,0.029382236445850685,-0.3896364069040099,-0.9880163138144293
383,2820,1.1618461354440102,-0.2087271419034463,-0.017689668431092546,-0.6644596263219853,-0.9951781738781678
384,8967,0.8587127201738545,-0.0186469726904563,0.03974344378373853,-0.01858012550955634,-0.9996827703852774
385,6922,0.4058414846460847,0.6623255570976,-0.17141173949379868,0.6734097366675098,-0.9703546860782284
386,2827,0.15949722395744778,0.7834213987413489,-0.0990069016277688,0.8333223654631193,-0.9969493118371102
387,8973,1.2867122422027946,-0.2456610536321218,-0.0795515931936724,-0.1634338404695591,-0.9989600701642123
388,6926,1.0792171609076076,-0.2990588316720817,0.139967930805797,-0.08027403045076277,-0.9973891443150764
389,783,1.3821508555495192,-0.40360699398274835,-0.056365247351688734,-0.20368304071695117,-0.9797410711157634
390,2832,0.1324410794387641,0.8503121020227344,-0.1576585707399679,0.9296504489393651,-0.9967477147411768
391,6928,1.4018979229870812,-0.5077560588717085,0.06100711627948235,-0.560539482450119,-0.991634861615186
392,6930,0.7306407535428122,0.11954281561550817,0.05410286326108263,0.3827060628598895,-0.9997189391432302
393,8979,0.737270528547139,0.00914071615943822,0.1314698881981477,-0.0005572945044995984,-0.9954742761044902
394,8981,1.3698771905899711,-0.3912191100511348,-0.014517791195333508,-0.6871790277080093,-0.9951127732158166
395,8983,1.2649326213165986,-0.4118067693718991,0.08491123813832911,-0.36577381878950116,-0.9942153371279662
396,2839,1.550060070649519,-0.6468591254515678,0.06543948863826644,-0.6406010303369077,-0.9923833955094479
397,6936,0.9671743869619293,0.09009452216170638,-0.17572232501646548,0.07812718052609839,-0.9998316972839859
398,8986,1.7339070759098576,-0.9301047405603645,0.16592393576558093,-0.669178372368436,-0.9974402649225352
399,795,1.480283409142146,-0.5679484110396379,0.02531747342056063,-0.2758865531402946,-0.9967743508388709
400,2843,1.294234028232036,-0.40994568771856255,0.05682347129070995,-0.4705413846296308,-0.9347463176228747
401,6939,0.5697037586805219,0.38917160489984215,-0.023263118328801805,0.545163566305782,-0.9993373703587604
402,798,1.7115443391332554,-0.7779899912012271,0.03520464619701201,-0.6062676414262129,-0.9949546421704915
403,800,0.5130539660928767,0.4059313166962733,-0.06335930688775286,0.5894840944856732,-0.9970114323579146
404,8993,0.9113924180074344,-0.09691827732189234,0.034504301222851655,0.05845940714671044,-0.9478126941751764
405,802,0.20667202013509095,0.7032538010415754,-0.06284728389490801,0.8560661028616973,-0.996494698254104
406,803,0.2480680616141906,0.6092283962092594,-0.05135528057530806,0.7680309288133137,-0.9453450448213692
407,8994,0.21009578590037592,0.31758979810500715,0.24666157588359294,0.4741761892606147,-0.9554180479434269
408,8996,1.14096994059975,-0.2946598339008656,0.09348373490557142,-0.010300494053993726,-0.9916718707513001
409,2849,0.4802518317408843,0.37677974819305543,0.005889106713595402,0.4010222385275162,-0.9934387647965055
410,2850,1.1290358065297048,-0.10950447293001697,-0.15747026711500667,-0.21472167156392383,-0.9984244429695099
411,2853,1.6711796040318636,-0.615353281245108,-0.05676979835821402,-0.9761134452051459,-0.996957595368417
412,2855,0.29213377646357297,0.4333641478802018,0.1323262573196503,0.4518064449952725,-0.9978353253739348
413,809,0.6984830149126007,0.17838953860296902,0.023979538262186472,0.20239024007020479,-0.9947671465010753
414,811,0.35415151863504035,0.5218819285345745,0.029868865619900077,0.6265751719046632,-0.9951473921049958
415,9004,1.2990585793449594,-0.3872394944067081,0.005773419185411261,-0.17733197309455048,-0.9985859650002812
416,6956,0.5537723972185037,0.49946904657026003,-0.1795330527011102,0.6680935111541934,-0.9497968708337654
417,9006,0.45475256121471025,0.4344652012041903,-0.007714961968043853,0.4890789514497157,-0.9980518835420242
418,815,0.4576390225334904,0.39282588229960397,0.01434293583695258,0.5624557009983825,-0.9977771115132831
419,9008,0.8746777922152237,-0.10904304420243714,0.12477946622555293,0.04525870386836678,-0.9988394146058199
420,2866,0.6903217944418748,0.1186811088965287,0.013259796207670153,0.32390682318343056,-0.9042885826045264
421,9013,0.6213459008141357,0.24174592672591938,0.025614242573314905,0.3663301671912333,-0.9983678580076305
422,2869,0.5041537686669446,0.36025247967033247,-0.007093417272105499,0.2942477772786964,-0.9959563985059873
423,2872,0.672259737862051,0.32095409590633744,-0.10115982940071318,0.2809963549921929,-0.9962401691079349
424,2877,0.03506769294546943,0.7513492403070877,0.04836958709632302,0.8829545406749,-0.9968822613932613
425,6973,0.2061893294792048,0.8036422465979055,-0.1772892098980608,0.8552130269901714,-0.9940088275060575
426,835,0.08230839533369409,0.8261302736188819,-0.012470985634308217,0.8237000286033033,-0.9964635189691133
427,836,0.7897689107868633,0.24803556902126425,-0.1302754891249257,0.2210040131152688,-0.9390784378267438
428,2883,0.34866206560879914,0.4824623389787665,0.04088491060157986,0.59875718427057,-0.993539898078464
429,6981,0.9240530079491035,0.013190434536085238,-0.031153086940549475,0.24850457594009548,-0.9478229360907393
430,841,0.6809693679849065,0.37414600755089605,-0.21961611032145337,0.34409521690007844,-0.9413268117709757
431,9034,0.8545096913587616,0.011921028337564116,0.008784231531147333,0.21448207961777832,-0.9903291345964824
432,2890,-0.04366923876042694,0.5822526567264202,0.23060363355800229,0.6371020315174288,-0.9953082253151166
433,842,0.4330291158116709,0.7687071825924284,-0.2673002914013407,0.7923096545958618,-0.9998724414907489
434,845,0.8374047760026285,-0.017255818622024494,0.021759565770559913,0.051274278864674804,-0.9201855118844688
435,2893,0.7494426221556818,0.05384211064448441,0.09509769427781228,0.21972036182772336,-0.9550328429259669
436,847,1.3230256083396754,-0.3654546093485823,-0.059895416641464146,-0.4537663952058656,-0.994949678711405
437,851,0.2710453801518231,0.7613560368264081,-0.13634256882675747,0.8802636229415612,-0.9995483109855339
438,9047,1.6756862772374876,-0.7025020685628377,0.0024437096980175644,-0.615564127606257,-0.9934385677978712
439,7000,0.48217680827481246,0.22485900865906674,0.14012832736498002,0.30106225646384155,-0.9705670275277857
440,2906,1.391245627354357,-0.43416553999237034,-0.02650839359816586,-0.2597178937660889,-0.9954153197460921
441,9051,0.576836812433718,0.5105685727241656,-0.20764715708673653,0.6106590420166151,-0.9940477235275769
442,9050,0.6970132048891949,0.214223306313149,-0.0806805864106307,0.2411448226118345,-0.9998681849993079
443,7004,1.0029304694707408,-0.0944795889403886,-0.03793309190714639,0.019113166626694433,-0.9952789583339501
444,7002,1.6113790014562384,-0.7100267767347782,0.06840782733220403,-0.6926461806585096,-0.9954422053731545
445,863,0.1656496704266091,0.6606732339868245,-0.09283679597644803,0.7784356182410193,-0.9646456637909004
446,7006,1.148849605803234,-0.353205851280912,0.09882087671305487,-0.5104643676699886,-0.9980684700974882
447,7008,0.8012337851345107,-0.024399474846047667,0.14139288223656044,0.28276600238611477,-0.9963734927110574
448,7010,1.6239533260510224,-0.6358206943734552,-0.013454800285740321,-0.6515305649147114,-0.9946196352612114
449,2915,0.04956406992045097,0.6769537258889494,0.046750855576962444,0.7098186442697134,-0.9662973771590722
450,2916,0.11061161765492786,0.670990586789593,0.02118856898683488,0.8096983060248186,-0.9959645107928579
451,7012,0.12281051271481361,0.6984604444562779,0.006136765196781655,0.7949174776731828,-0.9967694353753458
452,870,0.2692186083318074,0.36022881132638146,0.1165154053950989,0.5980875039785645,-0.9963700338604239
453,7018,0.6797510508633565,0.29383391281325966,-0.11162576605592986,0.4611073958651543,-0.8951460946791533
454,7020,0.3006290393747553,0.6147222020577241,-0.10591822148261233,0.7565844783710968,-0.9943132635465682
455,2926,-0.26310666129565,0.8007936730643364,0.17896922187215486,0.9539009355006756,-0.9972295063264892
456,879,0.07285272723935558,0.840331398631651,-0.1342219906739868,0.9447111877978197,-0.9937387333421164
457,7022,0.1552225848541715,0.6490824303357325,-0.0639099880653068,0.7322435971039605,-0.9998255762536208
458,2929,1.272533050693291,-0.2857081391579658,-0.05150487229642975,-0.1818551344876656,-0.9925152481357343
459,9074,1.013233223506952,0.002855644879801139,-0.07412625842421161,-0.11399676265013436,-0.9902523200396388
460,9077,1.0414420033592773,-0.1802436915405964,0.08585914046936623,-0.11148170956728168,-0.9850063851509951
461,7029,1.7503766277425257,-0.8720467312297627,0.10069944141303072,-0.8082945855568846,-0.9942730881819819
462,9079,0.686443659044869,0.14009459439251687,0.05926337861901668,0.1052547380031718,-0.9865124838605839
463,9080,1.2897648227820409,-0.35741839311523427,-0.015593312109784558,-0.21425608809664332,-0.9986313851763623
464,2936,0.6377166471165426,0.2568776318883718,0.029319494838618964,0.3531059169365869,-0.9958732322615954
465,7031,1.7994570792776419,-1.020169342580537,0.197841893068393,-0.7433403482475459,-0.9961746247170056
466,2935,0.5386393276716602,0.6489961426650488,-0.2601572299077886,0.7481751266558979,-0.9996937294759067
467,9085,-0.032175261213481694,0.8817533062738979,0.021108614226159013,0.9164593416173189,-0.9995588691593073
468,897,1.2560140537541262,-0.27278715004164233,-0.038288717789673195,-0.35894728646573787,-0.9937407693046603
469,7047,0.25849587723475864,0.6217091166718218,-0.071445291727326,0.7413276273829738,-0.9967849918491059
470,2953,0.7049424403702527,0.1075224339960814,0.09770301721076059,0.195376517829104,-0.9969831954157133
471,7051,0.8855592217357555,-0.05102913438966678,0.08583027282041797,-0.246543737254075,-0.9855377459673754
472,909,0.1161187715947204,0.5987710153110074,-0.013620682960562878,0.7939520552640099,-0.99286027934258
473,2958,1.044181667499703,-0.1653004516813745,0.018312802758987563,-0.06478887537141846,-0.997716599243237
474,7055,1.3266900193101414,-0.32990632755911703,-0.031834495421376834,-0.6721830769840867,-0.9961233906054868
475,7057,0.6586519614249979,0.165851378463832,0.064350775020943,0.22423702061836334,-0.8963422354790052
476,914,-0.3455007119112973,0.7696820746817439,0.17216816502626273,0.981594449332299,-0.9143437984813744
477,7059,1.1535852471217778,-0.1747170490903559,-0.05449244292591754,-0.21205585836835883,-0.9961931014482508
478,922,0.08148797622685129,0.4517658267613037,0.11744370124439772,0.6454111883112005,-0.9971283576397695
479,923,-0.2348132483015803,0.576159956884086,0.058129540938608476,0.8261731802917986,-0.8880165066509444
480,924,0.23509342537001984,0.6079612436825256,-0.05812841580379517,0.7014731116822407,-0.9461967804014235
481,7067,0.505380891449498,0.6445014917323573,-0.2554952392351164,0.7444848704627438,-0.9962651073928542
482,926,0.5269175198783079,0.2915401287276206,0.038261407909750265,0.4115049977873175,-0.9457774953242657
483,7070,1.25457504744966,-0.32139093350052345,-0.011508227341063776,-0.17279154741366512,-0.993214114571886
484,2975,0.492882148322678,0.35287210755340614,0.06657515983762759,0.4314431046745139,-0.9962586574254414
485,930,0.07503499898117173,0.595856900835226,0.07245418970208745,0.7580044778105285,-0.9910570172178247
486,931,0.8893062773890459,-0.16484911128918867,0.15274316604359933,-0.17265055514948358,-0.9301958596449186
487,932,0.694376051610547,0.14362544841265923,-0.019494389375365268,0.396439341449977,-0.9955079387435687
488,937,0.7363177366009295,0.1116079368896521,-0.000408428119415617,0.4227424867894527,-0.993664789060752
489,938,1.012950350847405,-0.10658663020016176,-0.03181899412696556,0.010281556863309478,-0.928083218572673
490,943,1.4917822069180562,-0.5308503258998726,0.005953881380605278,-0.6866296751241444,-0.9180625263399657
491,946,0.07022421388780717,0.8899158814225042,-0.10385677671893641,0.954875459077123,-0.9606965487699416
492,2999,0.8438556581944466,0.19943082088868497,-0.13604994495917955,0.1742198832368096,-0.9983892117485943
493,972,0.6816866385434887,0.09903094201287359,0.03573203724441921,0.23976121667912803,-0.9972797135766324
494,975,1.4866336247315426,-0.6348856436359899,0.12028018493436964,-0.6762220679118427,-0.944070397804152
495,978,0.3040314908776004,0.6178269874772853,-0.1578783733130673,0.7895293348270074,-0.9881498862235853
496,982,1.556657363726421,-0.8326194151378177,0.2301974968909933,-0.5588021448783691,-0.9962437967457299
497,983,0.605938997989947,0.2996521011000367,-0.05686909597957748,0.41227486695869586,-0.9998071259283965
498,3031,1.6029123107247032,-0.867588107692068,0.2028212026124865,-0.44674792516577727,-0.9979433204745933
499,987,1.0990106267106352,-0.11883564324482997,-0.04560225821740595,-0.18801529833600758,-0.9937192624247669
500,992,0.6502684993938652,0.2974226809652361,-0.05725625600822517,0.2563032273854437,-0.9995558590070563
501,3057,0.2961011388886009,0.5323332782091597,0.02874681252053754,0.6525471691787763,-0.9981794425631094
502,1011,0.7046460443250276,0.2846562144270966,-0.1115676888196548,0.5176659825754265,-0.9961533763059146
503,1026,0.420776425443831,0.644507316856813,-0.13985877856623818,0.7637359596968133,-0.999373738562987
504,1035,1.0140860553669204,-0.0857687639971439,0.006725532148662323,0.13457936053409786,-0.9989754550959955
505,3091,0.39186737541654737,0.49836120916425686,-0.006840722534044619,0.6912921150306754,-0.9955043111145776
506,3105,1.5474044456696732,-0.578207269707601,-0.004136619388922188,-0.4952330126411069,-0.9991046645693756
507,1060,0.661132753796104,0.19989132910294735,0.014103098329686417,0.25051357337684804,-0.997246467720605
508,3118,0.6018283839315088,0.23284340689897956,-0.02295227398558505,0.3722394432896789,-0.9987595868190994
509,1070,1.3823434345469483,-0.5546564478774674,0.129343199604568,-0.1919644027236826,-0.9963481461884974
510,1078,1.6564302460935272,-0.5799734699725234,-0.07849344207682644,-0.9594867049693456,-0.9510919758789117
511,1083,0.04046134009926982,0.7298552498148229,0.062090560167473205,0.816389909026957,-0.9983269562408611
512,1095,1.487488782565399,-0.6332426955968454,0.10953242100785414,-0.48103300337606375,-0.9972799587886538
513,1101,0.6878695131608319,0.20042341955265763,-0.06067203526886749,0.43092631901682243,-0.9591311711358658
514,1113,0.27120797148756043,0.5725188904272465,-0.022049706464569337,0.7491834730185989,-0.9698599936711823
515,3235,0.5794606855187152,0.3955610955309893,-0.07763358221117259,0.5088113222959427,-0.994891529573273
516,237,0.917193353699067,-0.028911122158404114,0.03518528191715115,0.19627893069077348,-0.9932967396620765
517,238,0.4492494757280033,0.48205200790742997,-0.022991936156115514,0.5450331662332246,-0.990983329154929
518,3282,1.266022589507051,-0.2717674250846703,-0.04474304225607021,-0.06658280096616197,-0.9989299318091804
519,7383,0.4408658153031335,0.5054916601928643,-0.06670840090908606,0.6492060791487497,-0.9972457236956627
520,3288,0.29144263321521885,0.6057200001130224,-0.03469770584204739,0.6597383661929124,-0.9112618556296201
521,7385,0.7729824242839223,0.10148574599463459,0.013433273348503003,0.13700209353254472,-0.9968217625155797
522,7386,0.4354270220301651,0.4952824535505881,-0.03745832018139322,0.6508964725877506,-0.9979753867697893
523,7384,0.39203002431433814,0.42362607087872783,0.04137029963380314,0.40930657343258364,-0.9929507708741171
524,7391,1.2833317895721952,-0.3175402291412097,-0.05262311684175095,-0.06252547552995975,-0.9960456455999781
525,7408,0.1428684520300436,0.7477434912071871,-0.08760003573575045,0.8053497282697236,-0.9967234182644735
526,3314,0.053478493259024866,0.7797215614321062,-0.015766479768510307,0.9116530115382574,-0.9981467492737105
527,7413,0.6787848304398989,0.055132433074029236,0.14705277002464015,0.026130208314169283,-0.9940752578100288
528,3319,0.2457454170109591,0.5879649720443615,-0.01777249430107402,0.63355029073525,-0.9995493323918642
529,7417,1.5849004477829276,-0.7432291205701723,0.12817382425771393,-0.6713960006815568,-0.9942556079571545
530,3323,0.43040953315335057,0.3185524910330224,0.058877219966841254,0.39931129217225186,-0.9915565519623384
531,7427,1.6676063124069802,-0.7656352011288645,0.07831785973101091,-0.6762207884442538,-0.9995421903845056
532,7430,1.0008874668107142,-0.20931374257180207,0.10221501592566737,0.09359865748910248,-0.9998407159716948
533,7431,0.7318676354797843,0.16476768644336295,-0.023320124202919394,0.36176455989469425,-0.9945626502465557
534,7432,0.648753599010436,0.14110519636215443,0.042462843521925656,0.3663032917791543,-0.9995671069718305
535,3336,1.699075502282333,-0.9410098594237213,0.19815124997362601,-0.7145728692344946,-0.9978886718295454
536,3335,1.5121698192897046,-0.5947545102154103,0.03181138845897262,-0.33752280253533384,-0.993090586875243
537,7437,0.8301465437249497,0.012526050747295597,0.05524592458330044,0.037118698651048186,-0.9946776332546371
538,3342,1.4285991889319776,-0.43346855861624833,-0.024280283773409714,-0.7459195557050242,-0.994814106582039
539,7440,1.2217614109802502,-0.22600094921861374,-0.05157314908766146,-0.5732674255523653,-0.9992196217340915
540,7452,0.0028080391357645507,0.6792588046191437,0.09153915870162871,0.853143438268982,-0.9388865589767609
541,3356,1.3478100076894686,-0.4558862786294392,0.021939526975124718,-0.2244402775229875,-0.9200324285258038
542,7456,0.4806790130798095,0.3548265816478079,0.06617258141189289,0.3092633800650791,-0.9925153689282973
543,7458,1.1047355998644877,-0.3297648946097665,0.1259989471805535,-0.3839891447529407,-0.9946337802391614
544,7460,-0.04520382736634964,0.47474721059452774,0.1999055962755781,0.6955089232086357,-0.9981128415047656
545,7462,-0.06288960952930565,0.8779743757719654,-0.014912891820402702,0.9606195889205116,-0.9955732437606799
546,3369,-0.02912062782454297,0.8216909832760412,-0.09223010663903586,0.9541619631406879,-0.9966141485745155
547,7467,0.32430812852293606,0.5293279486435748,-0.046714109718466075,0.6735719710460496,-0.9985782155130695
548,3372,0.5657484356409749,0.34565560288754354,-0.00826344074477598,0.4013729823535813,-0.9963312493787356
549,3380,0.6656172175018807,0.28288981381927153,-0.06390064999221669,0.49945612309149395,-0.9909852801479497
550,3396,0.689311533668823,0.16536438706976123,-0.05934403377469457,0.18037241293443448,-0.9977875773502504
551,3404,0.8095084409861716,0.05021927122259573,0.007575122383560002,0.3020467926249195,-0.9805378675566429
552,7507,1.27751661307857,-0.39735471561404273,0.06837253856275888,-0.5847174548339709,-0.9976157657656224
553,7509,1.024146521498437,-0.14155734467598766,0.04952680571342447,0.17895617517287218,-0.9977614345595409
554,3413,0.43975038556971047,0.4353388108832321,-0.029580339669574917,0.5928162055949548,-0.9943651853426528
555,10041,0.5581935352682004,0.3802584899868144,-0.006400788267617318,0.5065628752434188,-0.9757718808870529
556,7514,0.5784436990199995,0.5221879322495083,-0.16319841522317788,0.6616395389815435,-0.9864066015443881
557,7519,0.4724765167322173,0.3611292919137839,0.05479385788539306,0.671113969079812,-0.9938017077315611
558,9576,0.4846377289091034,0.6794459065145231,-0.2304177792539557,0.7471316652157425,-0.9997475892716285
559,3439,0.9561874883619296,-0.20522376047013918,0.14546053789450447,0.16848891590439027,-0.9925777225091224
560,7538,0.5520115574066399,0.2796180732302426,0.021534171858975014,0.4835455445309557,-0.9973987221821582
561,7539,1.0392039099272694,-0.07541940892535931,-0.061824652696068724,-0.16025842132761978,-0.9994165511975388
562,7550,1.3032258124173188,-0.3172464641248404,-0.0440065174959889,-0.3221133580192605,-0.9969824782210625
563,3456,1.5780060496835322,-0.719365527386013,0.08148542162929764,-0.42104414662911,-0.997506254679116
564,9600,0.9478133110854855,0.03158325070789768,-0.06141868927241942,0.1358717911770453,-0.9959004266922629
565,7554,0.2592517746475234,0.7547308805320261,-0.18903556555202453,0.909944566486867,-0.9981826841099757
566,7557,0.5223146367444337,0.20065757888838504,0.11760785191482155,0.28809585274203975,-0.9957273513841317
567,7565,-0.2760112087853517,0.84294691841783,0.14361372652062274,0.9783903047006864,-0.9987508048257601
568,7566,0.8467092896778211,0.026803391577281274,0.0610240394996596,0.19512924580647764,-0.9997122227803789
569,7569,-0.024204949077404253,0.7683430946761789,0.09776305062372669,0.866530581932427,-0.9971369447915361
570,9618,0.4736872394700791,0.297827371022921,0.0600287269537582,0.5052403636137657,-0.9462475154524725
571,7584,0.7272440422529434,0.045601097876438165,0.12016134479494733,0.1608600545520554,-0.9954622662744957
572,7594,1.1190632377106378,-0.1912367243284148,0.01689970866598161,-0.4929132073453742,-0.9504488319084132
573,3509,0.5403218634788034,0.2820614866991105,0.045991729914512974,0.36094508777145257,-0.9966077506364203
574,3513,0.18459067631493264,0.7535793941573425,-0.08287309644597857,0.9028573687492976,-0.9972148856422142
575,3520,0.2556235205953939,0.7514562286641752,-0.17887042457374153,0.7786260132430337,-0.9795781499598318
576,7617,0.35016487208460395,0.46194281853053154,0.04819848410180471,0.5973466353513556,-0.9924559069243848
577,3529,1.8657029755440437,-1.1838768807319304,0.2938263667948283,-0.7087804569936471,-0.9965819850599381
578,7632,0.6150131078792791,0.14994046788525933,0.12393773174059533,0.3166380269434301,-0.9981360830820859
579,7634,0.7529880309369145,0.06452674301207761,0.06616060239419566,0.21473421370942503,-0.9976139003736868
580,7636,0.4396205518173014,0.23930133283838165,0.10901010633987378,0.5117744752365655,-0.9998898440724717
581,7638,1.3976764811175963,-0.3283722850059555,-0.09224796323835754,-0.8445950353969831,-0.9925728809982061
582,7640,0.6671182560993875,0.08515457607138462,0.08648887270394376,-0.11592793467103725,-0.9947741362171121
583,7642,0.6177077384773879,0.1581608093757923,0.11300637330726511,0.27203368813090545,-0.9975788284988457
584,3547,1.1082872159314632,-0.10914605925529866,-0.13099016049747528,-0.19232677110037938,-0.9982766621889628
585,7650,1.0047680634696128,-0.0013654309009809018,-0.09990644286943133,-0.1378652593380163,-0.9984683314328578
586,7654,1.6033227972580857,-0.6953385725513155,0.06062458892842719,-0.3301855016257216,-0.9903188017541291
587,7656,1.0753389231607182,-0.21217771893740583,0.07256977010107084,-0.007851929094257817,-0.9891693547043277
588,5613,1.5348057629560214,-0.733741488919788,0.14581423805691632,-0.4899694793661834,-0.9967711552332947
589,7661,1.5321962790282067,-0.5748109574831649,0.013922863085366602,-0.4173035792278231,-0.9979199486773046
590,7665,0.5681700945633957,0.31756878716814174,-0.031416963243826555,0.508455882989055,-0.9547450727111264
591,7667,1.8166735683996933,-1.0315681693632337,0.19271927123364002,-0.7511087379936673,-0.9959950535108979
592,7673,0.25435663660327473,0.74158090432093,-0.13599002149140668,0.809475503250844,-0.997519798141857
593,7675,1.9296757074078872,-1.2084899895827745,0.25360152033677674,-0.8366865424198501,-0.8717942465013261
594,7676,0.3638204809133026,0.41666390191295366,0.008477613684724146,0.6172668568833142,-0.9504256345768634
595,7677,1.0645593174227304,-0.13539416816629687,-0.06757784923415305,0.046171389471824885,-0.8909473029774612
596,7679,0.6700217654945572,-0.05116359607523669,0.12064324192284367,-0.1100770588046649,-0.9956021531887099
597,7683,0.9189705871368821,0.08386945602796411,-0.11556539785888538,0.20250801246047845,-0.9994715470966674
598,7685,1.0650646925854916,-0.1862714240222721,0.06019794518079464,-0.23949948658557715,-0.9960317705099199
599,7687,0.4046795611254708,0.8335997460282409,-0.32871050316721223,0.8584441845365788,-0.9993662779561598
600,7689,0.6299563780609436,0.17908612205935573,0.04599692077357329,0.2693217547269367,-0.9951735612263316
601,5649,0.2769058746973167,0.6166112676124725,-0.009501052640022645,0.7252785319690387,-0.9947714757976951
602,5651,1.0131806824900342,-0.01794652164103662,-0.0682606027912655,-0.026609791250051685,-0.9939989755353391
603,7700,1.0694408844346974,-0.27135066368481864,0.0583072821641752,-0.10505084433458015,-0.9956683359073882
604,7703,0.27658150458556985,0.6627172622568617,-0.10866911224975803,0.6988776844123589,-0.993859949162699
605,5665,0.29210785298038494,0.5577762361807277,-0.014058288284247796,0.6980448562920077,-0.9963461929156598
606,2348,0.10364560165716279,0.6472369280831899,0.03905983653853161,0.812215517078544,-0.9967874613208026
607,5670,0.7003452031568859,0.15186539873192376,-0.02301667378005749,0.11554760220718722,-0.9971157985753358
608,2351,0.3511618959069823,0.6628341902868295,-0.11331558195993158,0.7032739498003482,-0.9903797447333652
609,2352,0.39605353778800173,0.43371463724098835,0.030385364503064147,0.5795357823982826,-0.9987055454577325
610,5707,1.5976863057526147,-0.6539435929766673,0.028670162700578473,-0.7725972815749643,-0.997473167393016
611,5709,0.4016637270558624,0.5660253958244472,-0.0804424582732935,0.5741202185042434,-0.995993167101182
612,7764,0.18229152282535166,0.7750103363017252,-0.12486024922830594,0.9105231595284601,-0.993816303384564
613,7765,1.2631112296393632,-0.3295827662055449,-0.01394243269301888,-0.24406909825945508,-0.9969233495307741
614,7768,1.137660345536151,-0.2390614047028807,0.02245336619317098,0.015790949626032145,-0.996936581155558
615,7771,0.6932360333736189,0.266129533695878,-0.034638597526163786,0.5033983231567386,-0.9903655884117172
616,5724,0.45458081530383015,0.4360311309040741,-0.028899834739522207,0.6054542316614772,-0.9934568697580218
617,9829,1.364592358436723,-0.38709329082060495,-0.060156610946788966,-0.37826747158148943,-0.998994262064478
618,5733,0.3216153503276719,0.4368863765618714,0.08245193343631184,0.4268868946425882,-0.9997384611452843
619,5738,0.7044655813546512,0.10233436934960465,0.09236325537447074,0.2356480899050042,-0.9802521390351913
620,5740,1.4683352734529567,-0.591467414998278,0.08557149931737702,-0.5855400984444452,-0.9579078748178239
621,5741,0.9426964954469318,0.037951928790657424,-0.09377309929959579,0.1682746921095326,-0.996496203511403
622,5742,1.657892079964841,-0.788537634147626,0.10174553239724786,-0.705946431776876,-0.9919847223643906
623,5743,1.0269118609697092,-0.0742459380584239,-0.038249631070612536,-0.1766005792247502,-0.9959623573334998
624,5744,0.615457801003297,0.2161977810622469,0.024930503583905774,0.335327268669958,-0.9996684297083727
625,5745,0.5332006886489864,0.27861876816522696,0.053007431533453,0.40376861248463114,-0.9383003519486735
626,5747,1.441378305167252,-0.4983285077640544,-0.002659092394762389,-0.3504589528469604,-0.9947830958831395
627,5748,0.06647425738468682,0.8448311176328982,-0.06388982772146957,0.9134519212911314,-0.9781604945698715
628,5749,1.2127273462142167,-0.31937338835295864,0.031107329302201465,-0.06336768315280639,-0.9994951130176155
629,5750,0.9256970805919412,0.0964871549884734,-0.11039354267620752,0.17127543656979907,-0.9921778559849288
630,5751,0.9251315873358711,0.042633714710684834,-0.05126869639138024,-0.13382030909163006,-0.9969068631493102
631,9848,1.0916657164624897,-0.18742690746518587,0.012316304181626136,0.2230717529979733,-0.9967697711585877
632,5752,0.3775481071032277,0.6059325156015124,-0.11466665652813247,0.7351111830062916,-0.9923087565708786
633,5753,0.49628386783700257,0.4635808004401364,-0.07752438132864345,0.555614907110496,-0.9990274455138456
634,5756,1.289142396814319,-0.3980591430375116,0.05460524009940055,-0.4909553587952171,-0.9958173080588708
635,9855,-0.014610591934033154,0.7613444674513793,0.015417501128926316,0.9147183697811009,-0.9970137111261836
636,5759,1.294655952196162,-0.3803724135651998,0.02922169755107806,-0.44042406414923896,-0.9344876440040798
637,5761,1.150926816646355,-0.1729533025044646,-0.04384064991822925,-0.0345773067095066,-0.9929525988785425
638,5763,1.3654028761898,-0.4866571154332801,0.08348529427223032,-0.41364958732793733,-0.9855191295442242
639,9864,0.39329707031958594,0.3712956792330343,0.027221942911922353,0.3362044085126582,-0.9962764147119753
640,9866,1.3735413440506206,-0.44320761439601,0.030954235011851024,-0.633523298387225,-0.9950485271388019
641,9867,1.2710093203853172,-0.3312244353684621,0.008188057369719297,-0.5680692042113087,-0.9981429518046405
642,7822,0.7218832038040078,0.250772192073008,-0.08110908794819593,0.5298432398099496,-0.9783292495524774
643,9876,1.0193737920051187,0.022497241593333356,-0.15635268812540412,0.17088870297020742,-0.997312753243155
644,9886,0.22679508816227706,0.8645772057224365,-0.16808796643587434,0.9393290048145573,-0.9959431849918055
645,9887,0.5580612178228123,0.5157046148074924,-0.1535360902620637,0.7203512926225463,-0.9998467283417619
646,7840,1.3216841337429723,-0.408480071204124,0.040623464072027965,-0.4759629975132678,-0.9976100171523081
647,9889,0.46477453338484265,0.5897237839929762,-0.14217032560530116,0.7263772442502202,-0.9998108674425831
648,7841,0.8657836872878142,0.03229597579252327,0.02388118184793247,0.10310983732859708,-0.9973291194061703
649,9888,0.7232249272425935,0.283517359963247,-0.1060058821721114,0.45132504842754473,-0.9951277257834505
650,9891,0.9253240673321327,0.09240852241254588,-0.08547026448110373,0.3507787309270156,-0.9999945247508396
651,7844,0.6928496705824382,0.2949145874798662,-0.07465698063469065,0.3193721631101597,-0.9776125776846748
652,9892,1.0298935263628963,-0.22070004626516743,0.13104714434685005,0.10716662532468013,-0.9934059262535926
653,9890,0.320493359187341,0.516919930259004,0.06564174718757357,0.6552774051079848,-0.9926242261018227
654,9895,0.5513265571692374,0.6238365909994426,-0.23600400909587993,0.7369807601692027,-0.998000142894505
655,9896,0.7562729978083315,0.19255915858306952,-0.008808109820337482,0.38538269252721324,-0.9986149694572735
656,9897,0.45830358031511254,0.6421180946811959,-0.18089511306883596,0.8035965682024949,-0.9575516027464495
657,7850,0.4737626510348856,0.330675079906648,0.08061780823130349,0.34859853142245295,-0.9986953229968395
658,9899,1.4863474457722674,-0.5323353921629643,0.012456547486484124,-0.30420376833560775,-0.9987230036741107
659,7848,0.41020738006006435,0.564453425294147,-0.053296504723200785,0.6733622921195167,-0.9584923229012507
660,9902,0.5280282346881637,0.5202172989252938,-0.11226235240160215,0.7087652548894636,-0.9998297611279988
661,9903,0.9923437307260177,-0.011484767689105342,-0.03070456139130787,0.28083871229328977,-0.9997643888968676
662,9905,0.5645557721683653,0.5675804356241337,-0.21287345987219555,0.7365011490148416,-0.9991761906195001
663,9909,0.6081526734736082,0.5316193039834616,-0.25366285050199117,0.6119024325138284,-0.9937115723956111
664,9910,1.7064692945012114,-0.8207958721382178,0.09078126748609386,-0.47647259381775214,-0.9558394957313902
665,9912,1.1378731982808874,-0.22944505142670918,0.028955713213940668,-0.24728499390776057,-0.9944565640609013
666,7865,0.3731227979466753,0.25603379810298826,0.13464222309668697,0.40893434523760025,-0.9976953875513108
667,9913,0.7029585886339734,0.479786682870762,-0.2574845084539484,0.5883365830976587,-0.998972977713467
668,9914,0.19905937898003037,0.7323714854782689,-0.02121972400806603,0.7742640763969304,-0.9999177733838837
669,9916,0.8458556502313468,0.3002001305761222,-0.21460382847637563,0.2315044850301523,-0.9820222000857572
670,9918,0.4811034240415383,0.6460555990670543,-0.20022447893309997,0.7722364710163482,-0.9997408214945966
671,9919,0.6656494570832523,0.39770098322383646,-0.12982939812449162,0.5152776027032998,-0.9657220757064806
672,9920,0.7115547949629111,0.45084808252251685,-0.2222702000633607,0.5212695021922727,-0.9994975562862763
673,7874,0.287892089664905,0.7099807227342679,-0.13026910778982043,0.7396574886746758,-0.9919759879878572
674,9923,0.5326550745236215,0.4241342190841736,-0.04141627343352335,0.3805004009927388,-0.9995731225551575
675,9946,1.0252771894584176,-0.10836254098445774,-0.031711983337412646,-0.4944069112067746,-0.9986989288359033
676,9952,0.4377377664606502,0.4825078476860736,0.0028246584853991014,0.5899998222419782,-0.9663784481764744
677,7907,0.49136372166246767,0.3315196386959274,-0.023584075491838878,0.42299655338924097,-0.9921572697577007
678,7915,0.5691787065956839,0.2277147568636131,0.09644555081620333,0.4220209798954635,-0.9919196437233576
679,7917,1.4391194978964332,-0.561293552029263,0.07547288259623029,-0.5149415624412724,-0.9969725825087753
680,7918,-0.05929557202889171,0.8222770186647065,-0.001468241541384071,0.9814553976628175,-0.9959808081472407
681,9971,0.6189759699290333,0.0947417950186458,0.10135855369030537,0.1996042713675373,-0.9979501390325628
682,9974,1.3463215306666458,-0.4631991295035673,0.07529404226918524,-0.527901662246072,-0.9998020656918206
683,9975,1.3253933477939923,-0.40612298507534317,0.04036400126348899,-0.6861535185853291,-0.9965234673553623
684,9979,0.4841838351943984,0.41896936665381096,-0.02942018072588503,0.4112263104968525,-0.9957356088839444
685,9982,1.0906460274892087,-0.03101617287972333,-0.11722325875168225,0.010877816383637426,-0.9994373959103463
686,7956,0.8200105784588426,0.1834880550380617,-0.06187199895760947,0.5140100551161447,-0.9993935605523528
687,10010,0.4511686001658493,0.29116171512685446,0.08278158888656678,0.366547417851292,-0.9979059512661319
688,10014,1.172440852843498,-0.20473561093855006,-0.07004402858965983,-0.19518019558354013,-0.9974662361928911
689,10023,0.4931754598235763,0.36694386650599276,0.0018529260216169812,0.3796345237495776,-0.9961578901353813
690,10024,0.4543414597801976,0.4365837409609854,-0.06657753794588155,0.5438537061870536,-0.9971486687625709
691,10025,1.4274781060342778,-0.5715216564375645,0.09160272699291824,-0.5707870857726525,-0.9968810558953535
692,10026,0.7829887892896997,0.011927175089867945,0.07997913122047076,0.22055354099169475,-0.9946522166858228
693,7981,0.5120317221900903,0.392348601975992,-0.03135671230022664,0.4787702906120664,-0.9964630567221755
694,10032,0.5058173784950151,0.578499782048582,-0.15677371071000004,0.7081002930759225,-0.9997760010190274
695,7986,0.6140486128113641,0.22062047209508673,0.027424485114815073,0.07465160342927994,-0.9949942669380796
696,10038,0.20467485950895328,0.6596939020268954,-0.00787958971818429,0.7731469872856772,-0.9949897709589806
697,10039,0.1434967759569975,0.9494386911562666,-0.16941345309865857,0.9836223805034194,-0.9988538798961178
698,10040,0.34055311626691376,0.7978056858529587,-0.20950205165703567,0.8407157563963173,-0.9992138137012945
699,7992,0.4533376855096989,0.31854506025691826,-0.0005341970451139394,0.3515718408322701,-0.9991807100582556
700,7993,1.6400720629256724,-0.7198193832695086,0.04008393364160871,-0.5311293135632312,-0.9981819804417718
701,7994,0.6450734697598712,0.26620888084793376,-0.009657983917726645,0.39061647054420046,-0.9987271563427744
702,7995,0.1830620291951941,0.4956084479515203,0.056548302456078434,0.7003199403364705,-0.9978336835731657
703,7996,0.39517847092330244,0.41711230256654847,-0.023668623644316298,0.4912463233689568,-0.9986350197349474
704,7997,1.9065771091189538,-1.067639876368325,0.15414131597723277,-0.9150129371376603,-0.9689390980544116
705,10045,1.4841946080856145,-0.4656825758090633,-0.04467015163384856,-0.49675019442027657,-0.9654657791983609
706,10043,0.4679010557855109,0.6740641638657143,-0.2064576032607209,0.6804361379892611,-0.9882686325243465
707,10048,0.9129663602534013,0.09322723049493747,-0.06194914469546654,0.05950774620457139,-0.978317853859896
708,10042,1.123143201526398,-0.05779410248883926,-0.11388723835923757,0.04637855610489448,-0.9989196968687923
709,10051,0.018749854915664617,0.7308829002511255,0.060778766440453304,0.820865013833434,-0.9959611478755697
710,10044,0.30402133130030345,0.7501670189274469,-0.12819001152866358,0.7694393481345413,-0.9964907949757521
711,8005,0.9580517274217364,0.00267525984320674,-0.08144879749354997,0.0635996031264221,-0.856709742422217
712,10053,0.33951976919320104,0.9148431045924789,-0.35310776119197995,0.9571856967270903,-0.9995853490090951
713,8007,1.3629233775512726,-0.42204624495200777,-0.012593913094295802,-0.18005991295568313,-0.9933697792165637
714,8017,0.3804828650560884,0.7304783278857471,-0.21863501534774646,0.8633282401343958,-0.996022592559893
715,8018,0.7103756200695115,0.1293159586661779,0.06192850002713604,0.14779364339944592,-0.9982418410382051
716,8022,0.34034486361894095,0.5719555749934874,-0.18212055411261022,0.6950511998348619,-0.9996199287288032
717,8024,1.1172185229674978,-0.21644317939933916,0.027513927453951207,-0.45973985671394385,-0.9948996203963536
718,8025,-0.17525699744571235,0.7254358226504345,0.009789837643294223,0.9051224571055706,-0.9971207137934469
719,8026,1.4373761522451727,-0.6171203012469122,0.11275345616985069,-0.5740457102202697,-0.9587753646375645
720,8027,1.1464674670600998,-0.2282987977156093,-0.006586703753530843,-0.5860357877216525,-0.9951069475704098
721,8029,0.5937435132296501,0.19616116707485395,0.02618303615774494,0.22988957074099203,-0.9995597473530677
722,8031,0.8124234971993459,-0.06776062474651748,0.08660036808589672,-0.1196058798718448,-0.9927502683808309
723,8033,1.026255027220499,-0.1579923102736837,0.04683168207123561,-0.2426867616365291,-0.9988121930604618
724,8034,0.09417490549966624,0.7699108118700407,-0.05715239304496488,0.8978533310310688,-0.9990419475823199
725,8036,0.70448488272621,0.2597491067615145,-0.11063195739281713,0.3617533303479608,-0.9995696172815457
726,8038,0.7903875848822097,0.11838494180836928,-0.041077487185315495,0.21293292352282436,-0.999736175940684
727,8076,1.6237232036316798,-0.6442191142436778,0.0021410579368063443,-0.5968897464696634,-0.9999951859452868
728,8077,0.4256501439971033,0.6421209495181301,-0.1410107175054608,0.7702668543618633,-0.999890328743951
729,8082,0.31923643102376453,0.6323833185033048,-0.05577725975865858,0.6431844483749786,-0.9962905954889287
730,8086,0.3489883859683537,0.8822322352780921,-0.32273575363256,0.928940272830835,-0.9998095297656335
731,8104,0.8668745083694919,0.17845047869962014,-0.14211840619577681,-0.08086427796635146,-0.9904642158363957
732,8110,1.5276483935819067,-0.5683364755583944,0.01904560644536376,-0.8133599423215441,-0.9982620895708557
733,8111,0.13429478407693396,0.5971925997610086,0.06138298598085534,0.7029735096407016,-0.9418967322971733
734,8112,1.3060315560582174,-0.28229145244590825,-0.09278191536014721,-0.3661069704360294,-0.9923539980388463
735,6068,0.3091094508338498,0.6005985867615726,-0.04503973391838403,0.640037355285186,-0.9966177525905634
736,6070,0.734135156701795,0.1929136090868893,-0.013196625601700006,0.34852536017102054,-0.9998611896121473
737,6072,0.8624515928501716,0.03174394892239924,0.03660166142469776,-0.015567896308400388,-0.9943671460383693
738,8122,0.9984488682848477,-0.2194907707295301,0.12404242555184114,-0.32939297832936487,-0.9943770398042052
739,6074,0.5467782155805881,0.35676110604865585,-0.01872407240785803,0.4142798846018812,-0.9979048480277127
740,8124,1.012328603837575,-0.21622750564234414,0.13200292938982677,-0.275137097325309,-0.9956439739251284
741,6076,0.2730414147764238,0.6824602093239104,-0.08688091674619719,0.7177765849857288,-0.9968787996769404
742,8126,0.2889700545372007,0.5462775512282713,0.03131596937526397,0.6770665422108134,-0.9907609592041697
743,8128,1.1331037804562258,-0.1579690764325146,-0.07188081731907116,-0.2820166584083758,-0.9975012547849339
744,8133,0.5412083776758206,0.3919818189346813,-0.0369492260757112,0.5295233923118531,-0.9996401414248203
745,6093,-0.03413083786846535,0.6890836341486867,0.15504924794461006,0.7636687335821714,-0.9936372612906009
746,6095,0.17834041815974142,0.67055597253841,-0.054759607348824076,0.7505829762945417,-0.9940315416389541
747,8152,0.6657961300809672,0.01637816132442016,0.1921821724629807,-0.003936128861070722,-0.993049060536824
748,8154,0.1376496988867624,0.48136763985133624,0.10733041127521362,0.6626071463408322,-0.9967114188955429
749,8157,0.28422010804166586,0.3785097185855537,0.17550523531172516,0.4119986715441049,-0.9322227376362883
750,8159,0.024633186760218667,0.7155698497283828,0.06522517618026084,0.8155246127592577,-0.9895229649715246
751,8160,1.310384057589733,-0.39929835271195313,0.030990159727603998,-0.4576414381824658,-0.9943200635267684
752,10211,0.2075017610504969,0.879649225723164,-0.16260060437378557,0.9169967426657352,-0.9974626402547163
753,6116,0.49532006213186136,0.4296773327491283,-0.029924732639314455,0.5532847034798923,-0.9966045069342867
754,8165,0.6239136849192757,0.5775740365193955,-0.26603529697405875,0.6976501203932832,-0.9997138187066352
755,10213,0.09012772082908672,0.9174633327145616,-0.10947861087600826,0.9873196742981291,-0.9962673851531542
756,10216,0.22637198040892817,0.798127360726088,-0.11177945847172858,0.8898095042890328,-0.999422300791705
757,10221,0.4499433079961686,0.44747385220946534,-0.0027307055993629693,0.5873767787349758,-0.9994506481770894
